[{"CustomerID":392198,"ProductID":"C","Quantity":2,"Price":56.95769234,"TransactionDate":"8/10/2023 7:36","PaymentMethod":"PayPal","StoreLocation":"80618 Logan Mission\nNorth Christopher, MI 54170","ProductCategory":"Clothing","DiscountApplied(%)":4.278302126,"TotalAmount":109.0417404},{"CustomerID":472251,"ProductID":"B","Quantity":4,"Price":77.92704124,"TransactionDate":"3/22/2024 17:41","PaymentMethod":"Debit Card","StoreLocation":"4171 Martha Expressway Suite 374\nAlyssastad, MI 33406","ProductCategory":"Books","DiscountApplied(%)":17.34347922,"TotalAmount":257.6471242},{"CustomerID":530236,"ProductID":"A","Quantity":1,"Price":82.56602227,"TransactionDate":"1/17/2024 22:51","PaymentMethod":"Debit Card","StoreLocation":"31050 Jeffrey Isle Apt. 494\nEast Charlesburgh, KS 27623","ProductCategory":"Electronics","DiscountApplied(%)":19.577356,"TotalAmount":66.40177816},{"CustomerID":248780,"ProductID":"B","Quantity":4,"Price":92.83933828,"TransactionDate":"6/3/2023 3:53","PaymentMethod":"Debit Card","StoreLocation":"4336 Steven Brook\nEast Nicholasville, MH 41640","ProductCategory":"Home Decor","DiscountApplied(%)":13.58326084,"TotalAmount":320.9149152},{"CustomerID":877546,"ProductID":"A","Quantity":5,"Price":53.60029641,"TransactionDate":"6/29/2023 3:36","PaymentMethod":"Cash","StoreLocation":"97357 Kevin Plaza\nEast Christinaport, ND 35949","ProductCategory":"Clothing","DiscountApplied(%)":18.83206431,"TotalAmount":217.5312706},{"CustomerID":726461,"ProductID":"A","Quantity":2,"Price":56.07825789,"TransactionDate":"7/17/2023 16:59","PaymentMethod":"Credit Card","StoreLocation":"3632 Darren Station Apt. 553\nEricaborough, RI 37695","ProductCategory":"Clothing","DiscountApplied(%)":18.34514538,"TotalAmount":91.58123991},{"CustomerID":328056,"ProductID":"A","Quantity":6,"Price":88.51640554,"TransactionDate":"5/30/2023 9:04","PaymentMethod":"Credit Card","StoreLocation":"821 Taylor Shoals\nEvansville, IL 70845","ProductCategory":"Electronics","DiscountApplied(%)":3.995540722,"TotalAmount":509.8781791},{"CustomerID":887304,"ProductID":"B","Quantity":4,"Price":72.38556379,"TransactionDate":"8/25/2023 7:59","PaymentMethod":"Credit Card","StoreLocation":"50653 Kara Lakes\nStephanieborough, RI 94492","ProductCategory":"Clothing","DiscountApplied(%)":17.42397944,"TotalAmount":239.0924721},{"CustomerID":326401,"ProductID":"C","Quantity":5,"Price":66.54223948,"TransactionDate":"2/5/2024 19:45","PaymentMethod":"PayPal","StoreLocation":"18756 Mcfarland Way Suite 866\nBarnettside, PR 50529","ProductCategory":"Electronics","DiscountApplied(%)":14.34501785,"TotalAmount":284.9837168},{"CustomerID":771566,"ProductID":"C","Quantity":5,"Price":38.08776628,"TransactionDate":"2/4/2024 11:53","PaymentMethod":"Debit Card","StoreLocation":"8046 Hull Drive\nPaulstad, GU 87218","ProductCategory":"Home Decor","DiscountApplied(%)":2.966058044,"TotalAmount":184.7903051}]